{"cameraMode":{"drawMode":0,"name":"Shaded","section":"Shading Mode"},"sceneLighting":false,"audioPlay":false,"sceneViewState":{"showFog":true,"showMaterialUpdate":false,"showSkybox":false,"showFlares":true,"showImageEffects":true,"showParticleSystems":true},"in2DMode":false,"pivot":{"x":0.0,"y":0.9829501509666443,"z":1.9912998676300049},"rotation":{"x":-0.027234425768256189,"y":0.07250627130270004,"z":-0.0019805722404271366,"w":-0.9969960451126099},"size":1.094903826713562,"orthographic":false}