{"cameraMode":{"drawMode":0,"name":"Shaded","section":"Shading Mode"},"sceneLighting":true,"audioPlay":false,"sceneViewState":{"showFog":true,"showMaterialUpdate":false,"showSkybox":true,"showFlares":true,"showImageEffects":true,"showParticleSystems":true},"in2DMode":false,"pivot":{"x":-0.5667083859443665,"y":2.071366310119629,"z":-11.898733139038086},"rotation":{"x":-0.03568193316459656,"y":-0.004502289462834597,"z":-0.0001607983431313187,"w":0.9993526935577393},"size":4.056942462921143,"orthographic":false}