{"cameraMode":{"drawMode":0,"name":"Shaded","section":"Shading Mode"},"sceneLighting":true,"audioPlay":false,"sceneViewState":{"showFog":true,"showMaterialUpdate":false,"showSkybox":true,"showFlares":true,"showImageEffects":true,"showParticleSystems":true},"in2DMode":false,"pivot":{"x":-1.1572413444519044,"y":5.717833518981934,"z":1.532908320426941},"rotation":{"x":-0.2566954493522644,"y":0.6578595638275147,"z":-0.25577256083488467,"w":-0.6602331399917603},"size":4.507394790649414,"orthographic":false}