{"cameraMode":{"drawMode":0,"name":"Shaded","section":"Shading Mode"},"sceneLighting":true,"audioPlay":false,"sceneViewState":{"showFog":true,"showMaterialUpdate":false,"showSkybox":true,"showFlares":true,"showImageEffects":true,"showParticleSystems":true},"in2DMode":false,"pivot":{"x":0.04990893602371216,"y":0.7617323398590088,"z":-0.014269411563873291},"rotation":{"x":-0.03416114300489426,"y":-0.03597626835107803,"z":-0.001230553025379777,"w":0.9987682104110718},"size":1.3178181648254395,"orthographic":false}