{"cameraMode":{"drawMode":0,"name":"Shaded","section":"Shading Mode"},"sceneLighting":true,"audioPlay":false,"sceneViewState":{"showFog":true,"showMaterialUpdate":false,"showSkybox":true,"showFlares":true,"showImageEffects":true,"showParticleSystems":true},"in2DMode":false,"pivot":{"x":-5.2135725021362309,"y":-65.64418029785156,"z":10.247711181640625},"rotation":{"x":-0.03329671919345856,"y":-0.02038992941379547,"z":0.0006794044165872037,"w":-0.9992371797561646},"size":92.58517456054688,"orthographic":false}