{"cameraMode":{"drawMode":0,"name":"Shaded","section":"Shading Mode"},"sceneLighting":true,"audioPlay":false,"sceneViewState":{"showFog":true,"showMaterialUpdate":false,"showSkybox":true,"showFlares":true,"showImageEffects":true,"showParticleSystems":true},"in2DMode":false,"pivot":{"x":-0.5156048536300659,"y":0.8910804986953735,"z":-0.4471101760864258},"rotation":{"x":0.0048066480085253719,"y":-0.038124848157167438,"z":0.0001833179558161646,"w":0.9992807507514954},"size":6.130733966827393,"orthographic":false}