{"cameraMode":{"drawMode":0,"name":"Shaded","section":"Shading Mode"},"sceneLighting":false,"audioPlay":false,"sceneViewState":{"showFog":true,"showMaterialUpdate":false,"showSkybox":false,"showFlares":true,"showImageEffects":true,"showParticleSystems":true},"in2DMode":false,"pivot":{"x":-0.06619507074356079,"y":0.2714577317237854,"z":0.0650208592414856},"rotation":{"x":0.054966580122709277,"y":0.24226433038711549,"z":0.013753161765635014,"w":-0.968567967414856},"size":0.49026191234588625,"orthographic":false}