{"cameraMode":{"drawMode":0,"name":"Shaded","section":"Shading Mode"},"sceneLighting":false,"audioPlay":false,"sceneViewState":{"showFog":true,"showMaterialUpdate":false,"showSkybox":false,"showFlares":true,"showImageEffects":true,"showParticleSystems":true},"in2DMode":false,"pivot":{"x":959.7971801757813,"y":542.7412719726563,"z":0.5991798639297485},"rotation":{"x":-0.018904726952314378,"y":0.7213227152824402,"z":-0.019703952595591546,"w":-0.6920626759529114},"size":2.0000369548797609,"orthographic":false}