{"cameraMode":{"drawMode":0,"name":"Shaded","section":"Shading Mode"},"sceneLighting":false,"audioPlay":false,"sceneViewState":{"showFog":true,"showMaterialUpdate":false,"showSkybox":false,"showFlares":true,"showImageEffects":true,"showParticleSystems":true},"in2DMode":false,"pivot":{"x":-1.050504446029663,"y":-6.256229400634766,"z":2.4126017093658449},"rotation":{"x":0.12371634691953659,"y":0.2636675238609314,"z":0.03413040190935135,"w":-0.9560573697090149},"size":3.535533905029297,"orthographic":false}