{"cameraMode":{"drawMode":0,"name":"Shaded","section":"Shading Mode"},"sceneLighting":false,"audioPlay":false,"sceneViewState":{"showFog":true,"showMaterialUpdate":false,"showSkybox":false,"showFlares":true,"showImageEffects":true,"showParticleSystems":true},"in2DMode":false,"pivot":{"x":960.1987915039063,"y":542.3038940429688,"z":0.2843914031982422},"rotation":{"x":0.08501029759645462,"y":0.04242994263768196,"z":0.003623646916821599,"w":-0.9954712986946106},"size":2.1103312969207765,"orthographic":false}